magdalenas,游볾alacena
crackers,游볾alacena
aceite,游볾alacena
caf칠,游볾alacena
azucar,游볾alacena
sal,游볾alacena
pasta,游볾alacena
jabon tocador,游ba침o
detergente,游ba침o
servilletas,游ba침o
dentifrico,游ba침o
desodorante,游ba침o
acondicionador,游ba침o
shampoo,游ba침o
bolsitas bruno,游ba침o
pescado,仇勇끉reezer
carne,仇勇끉reezer
pollo,仇勇끉reezer
huevos,游볱heladera
fiambre,游볱heladera
mayonesa,游볱heladera
manteca,游볱heladera
leche,游볱heladera
queso rallado,游볱heladera
salsa tomate,游볱heladera
gaseosa,游볱heladera
bolsas basura,游뿪limpieza
jabon ropa,游뿪limpieza